repository_language,active_repos_by_name,active_repos_by_url,lang_usage,sum_rep_size,sum_rep_forks,sum_rep_openissues,sum_rep_watchers
JavaScript,148189,201182,3114096,30080497238,544810906,116061012,2680675058
Python,64761,96899,1335184,13472083044,56323754,28334939,214398916
Java,81153,119007,1639861,36644707177,49082401,192851498,127679537
PHP,61631,92585,1314365,20013745096,88706483,40741320,257159099
Shell,17703,33250,364316,11521876013,16535452,5202929,70306664
C,34707,53650,761858,25610361100,34774628,15199658,116816565
C++,31483,43416,728988,37297166960,33500714,39694265,112789411
D,838,1180,17037,143422264,531764,143487,1122937
Go,3753,5469,67196,178903758,1107407,431227,7483994
Objective-C,25613,33711,423138,3981378236,23496572,3757022,135299491
Ruby,76455,134885,1520903,7986933459,280980845,32479631,994436577
Haskell,3749,5418,61677,126118495,635514,861439,3540773
Julia,235,474,17033,50096192,2949509,2819748,17889617
Scala,4917,7183,120932,1392338548,7981047,2161902,34757860
VimL,4433,17782,133903,234279306,4410258,747265,31266978
C#,19139,26255,299421,6510639055,12846275,21209038,43173480
Lua,3238,4664,61964,899000124,917626,419016,1962477
Puppet,1600,3673,29286,48557172,197195,44215,256676
Perl,10992,15611,155674,1347778726,1858280,1433310,7670023
CoffeeScript,6341,7872,124911,154333718,8180763,2713229,62456443
ColdFusion,373,520,7179,52606814,148224,549604,355596
ActionScript,2705,3274,34363,871335098,1032752,538630,4356430
Emacs Lisp,3077,7298,66865,435687982,1188255,336905,4505574
Scheme,660,824,7841,30300466,11918,5567,53527
ASP,587,653,6219,233812086,18869,23453,31676
Clojure,3421,5162,59101,695856281,1473348,390735,9784785
Common Lisp,1236,1518,12322,63527979,33623,26010,175796
Groovy,2424,3079,33495,546146770,162475,99552,591718
Arduino,1475,1775,10288,20037676,34410,13758,97505
Dart,588,776,12743,14969080,84029,166753,415634
VHDL,231,263,4137,129309371,75209,250850,226497
R,2409,2723,34417,336940340,241827,197586,1116116
OCaml,727,1091,17575,942699999,253126,161316,803231
HaXe,242,379,6233,8654230,58444,72162,345829
Matlab,1453,1683,25696,4994136015,25429,29464,60740
FORTRAN,468,564,6958,365504480,39115,52382,158874
F#,382,489,6490,16701335,87495,48977,336836
Rust,163,362,18015,106702070,3332311,12247256,19377194
Racket,544,686,8868,49548944,124326,53351,436764
Prolog,508,566,5442,34921925,13859,30342,141288
Erlang,2148,3729,40147,66728443,1287421,260187,5093703
Objective-J,112,164,5585,13722821,1018254,764607,6514571
AppleScript,130,153,1034,984688,1802,622,12790
Visual Basic,986,1070,8099,147175770,17275,21572,219317
OpenEdge ABL,92,107,2049,35811090,6610,20762,28272
Assembly,834,1012,8927,88074979,72969,41460,475734
Delphi,556,676,9255,77486511,38775,19854,100237
Elixir,107,169,3991,27946354,141862,45534,1420343
ooc,39,46,824,2040294,379,494,1490
PowerShell,619,829,7070,30915475,77121,54460,419805
Eiffel,59,95,1345,16590944,3340,11571,5525
Ceylon,9,13,727,220348,3949,13226,8007
AutoHotkey,181,220,1275,2008962,2819,1957,6410
Vala,142,174,2328,5378203,3826,9511,14248
Logtalk,6,6,356,2789524,1,1864,1970
Apex,213,255,1718,3674844,7373,5247,13087
Parrot,9,15,901,5511729,7028,24512,17806
Ada,98,111,1477,4228582,760,3173,1857
Nemerle,32,40,10786,374479646,528462,53037167,1706684
Dylan,27,46,600,255716,3772,19709,22133
Ecl,3,8,87,28348,487,231,1041
Standard ML,137,170,1610,12246628,1308,10317,5504
Verilog,310,359,4080,47393921,6257,1271,21204
Smalltalk,108,151,2996,57295760,7368,16334,18070
Tcl,287,318,2803,22430480,2935,11173,21676
Pure Data,100,111,660,6788700,1363,2037,5298
Gosu,67,72,440,5277462,263,183,727
Io,37,45,480,2440935,1295,2370,7712
Haxe,141,178,1972,6590200,12120,4533,46305
DCPU-16 ASM,26,38,678,275307,1805,2928,4156
XQuery,92,112,1301,3200838,2609,13773,6690
Rebol,20,21,253,473172,309,18,1671
Kotlin,43,65,1140,1634916,3162,1239,7921
Coq,95,126,1603,1209824,11134,8012,25461
TypeScript,170,305,5953,102333660,745545,578060,2020526
XML,408,567,5306,55419780,386121,58663,302265
Processing,239,279,1320,15497363,3050,1956,15686
LiveScript,42,46,536,3097460,190,3974,479
Lasso,198,260,2498,17041246,893184,248574,962521
Logos,349,396,3422,262497303,3878,4001,4446
SuperCollider,73,83,479,2271546,296,72,1227
Factor,21,33,1446,3540020,74595,351550,270925
DOT,73,80,705,40466150,1924,225,10963
CLIPS,7,8,93,77084,2,22,18
Awk,21,21,136,772692,51,204,271
Scilab,44,50,666,14459900,1282,283,2634
Max,9,9,89,4544584,0,58,114
Arc,13,20,267,1043090,7761,316,73606
Boo,22,26,269,847076,161,451,728
Ioke,3,3,45,80224,0,0,51
Nimrod,12,19,251,241342,2589,8842,13246
Bro,18,21,167,67205,47,25,391
eC,4,5,68,28964,38,7,25
Monkey,11,13,81,415520,55,576,566
Turing,11,15,108,981900,82,42,179
Xtend,13,14,198,192492,190,4310,1401
Self,4,8,145,23366592,440,174,4607
Augeas,4,19,249,72172,1576,193,2462
Pike,6,6,9,147112,2,0,9
Fantom,5,5,43,20444,0,0,4
Opa,14,14,47,18320,73,36,337
PogoScript,2,2,10,113212,0,0,0
Nu,10,10,30,82952,23,10,331
Mirah,18,18,55,18963,51,22,653
Fancy,2,2,51,44292,483,96,8551
Forth,4,4,11,43376,1,0,6
ABAP,1,1,4,544,1,0,9
Ragel in Ruby Host,2,2,3,708,120,4,772
TXL,1,1,1,300,0,0,0
Max/MSP,1,1,1,2412,0,0,1
